logS,smiles
1.58,CC(N)=O
1.34,CNN
1.22,CC(=O)O
1.15,C1CCNC1
1.12,NC(=O)NO
1.12,OCC(O)CO
1.11,CC(=O)N(C)C
1.1,c1ccnnc1
1.1,c1cncnc1
1.09,OC[C@H](O)[C@H](O)[C@H](O)[C@@H](O)CO
1.08,C[C@@H](N)CC(=O)O
1.07,C1CNCCN1
1.07,C1CCNCC1
1.02,Oc1ccncc1
1.02,Oc1ccccn1
1.0,O=C(O)CCCC(=O)O
1.0,CN1CCOCC1
0.97,COC(N)=O
0.96,Cn1ccccc1=O
0.93,O=C(O)CCl
0.85,CCOC(N)=O
0.81,COC(=O)C1=CCCN(C)C1
0.81,Oc1cccc(O)c1
0.76,c1ccncc1
0.74,C[C@@H]1CNCCN1
0.64,OC[C@]1(O)OC[C@@H](O)[C@@H](O)[C@H]1O
0.62,Oc1ccccc1O
0.61,NC(=O)c1cccnc1
0.59,O=c1ccnc[nH]1
0.58,CCC=O
0.58,COC=O
0.57,C=CC=O
0.56,C1CCOC1
0.52,CCC(C)=O
0.49,C[C@H]1CN[C@H](C)CN1
0.48,COCOC
0.45,Cc1cccc(C)n1
0.4,Cc1ccc(C)nc1
0.39,O[C@@H]1[C@H](O)[C@H](O)OC[C@H]1O
0.38,Cc1ccnc(C)c1
0.38,Cc1cccnc1C
0.36,O=c1cccc2n1C[C@@H]1CNC[C@H]2C1
0.35,O[C@H]1[C@@H](O)[C@@H](O)[C@@H](O)[C@@H](O)[C@@H]1O
0.32,C/C=C\C=O
0.31,CC[C@H](N)C(=O)O
0.3,O=C1CCC(=O)N1
0.28,CC(C)C(=O)O
0.23,CN1CCCCC1
0.22,CC(=O)CC(C)=O
0.15,CCOC=O
0.15,C=CC#N
0.11,C[C@@H]1CCCO1
0.1,CC(C)(C)OC(N)=O
0.08,CCC(C)(C)O
0.07,NNc1ccccc1
0.04,CC(C)CO
0.04,CCS(=O)(=O)CC
0.02,c1cnc2ncncc2n1
0.01,NNC(=O)c1ccncc1
0.0,Oc1ccccc1
-0.01,CCCC=O
-0.02,CN1[C@H]2CC[C@@H]1C[C@H](O)[C@@H]2C(=O)O
-0.03,C1CCOCC1
-0.06,CC[C@@H]1NC(=O)NC1=O
-0.07,Cc1cc(O)no1
-0.09,C[C@H](O)[C@@H](N)C(=O)O
-0.09,CCOCC
-0.1,O=Cc1ccco1
-0.12,Cc1ncc2nccnc2n1
-0.13,CC(C)(S)[C@@H](N)C(=O)O
-0.14,CCN(CC)CC
-0.17,c1cc[nH]c1
-0.17,O[C@H]1C[C@@H](O)[C@@H](O)[C@H](O)[C@H]1O
-0.17,Cn1c(=O)c2c(ncn2C[C@@H](O)CO)n(C)c1=O
-0.17,O=NN1CCCCC1
-0.19,CCCC(C)=O
-0.19,CCCC(=O)O
-0.2,CN(C)NC(=O)CCC(=O)O
-0.2,O=C(O)CCC(=O)O
-0.2,CC(C)[C@H](C)O
-0.22,C=CC(=O)OC
-0.24,CCC(O)CC
-0.27,O=C(O)[C@@H]1[C@H]2CC[C@@H](O2)[C@@H]1C(=O)O
-0.29,CCC[C@@H](C)O
-0.29,CC(C)(C(=O)O)[C@@](C)(CC(=O)O)C(=O)O
-0.29,N#CCCCl
-0.29,OCc1ccccc1O
-0.3,CC(C)COC(N)=O
-0.31,N#CN=C(N)N
-0.38,CCC(C)(O)CC
-0.38,Nc1ccc(N)cc1
-0.39,CCCOC
-0.39,CC(C)[C@H](C)CO
-0.4,OCc1ccccc1
-0.42,CSCC[C@H](N)C(=O)O
-0.42,Nc1ccccc1N
-0.42,CN[C@H](C)[C@H](O)c1ccccc1
-0.44,OC1CCCCC1
-0.45,CC(=O)C[C@@H]1CCCCN1
-0.46,Oc1cccnc1
-0.46,COC(=O)c1cccnc1
-0.47,Cc1ncnc2nccnc12
-0.48,NC[C@@H](O)c1ccccc1
-0.48,CN1[C@H]2C[C@H](OC(=O)[C@@H](CO)c3ccccc3)C[C@@H]1[C@H]1O[C@@H]21
-0.49,CCCOC=O
-0.5,NCC[C@H](O)C(=O)N[C@@H]1C[C@@H](N)[C@@H](O[C@@H]2O[C@@H](CN)[C@@H](O)[C@@H](O)[C@H]2O)[C@@H](O)[C@H]1O[C@@H]1O[C@@H](CO)[C@@H](O)[C@@H](N)[C@H]1O
-0.5,CC(C)(C)CCO
-0.53,N[C@H](Cc1c[nH]cn1)C(=O)O
-0.54,CCC[C@@H](O)[C@@H](CC)CO
-0.55,NC(=O)CC[C@H](N)C(=O)O
-0.59,C[C@@H]1CO1
-0.6,O=C1CCCCC1
-0.6,CC(=O)OCC(COC(C)=O)OC(C)=O
-0.62,C[C@H](O)C(C)(C)C
-0.63,Cc1c(N(C)C)c(=O)n(-c2ccccc2)n1C
-0.63,ClCCl
-0.66,CCCCOC(N)=O
-0.66,CCCOCC
-0.66,CCOC(=O)CC
-0.68,Cc1cccc(O)c1
-0.68,O=CNc1ccccc1
-0.7,Oc1ccc(Cl)cc1
-0.7,Oc1cccc(Cl)c1
-0.7,Cc1ccc(O)cc1
-0.7,CC[C@H](O)C(C)C
-0.71,OCCOc1ccccc1
-0.72,CC[C@H](C)[C@@H](C)O
-0.72,CCCOC(C)=O
-0.72,CC(C)(C)C(C)(C)O
-0.72,Nc1ccccc1O
-0.73,OCCN(CCO)c1ccccc1
-0.74,C=CC(=O)OCC
-0.74,O=[N+]([O-])c1ccc(O)cc1
-0.74,ONc1ccccc1
-0.74,NC(=O)C[C@@H](N)C(=O)O
-0.77,N#C[C@H](O[C@H]1O[C@@H](CO[C@H]2O[C@@H](CO)[C@@H](O)[C@H](O)[C@H]2O)[C@@H](O)[C@H](O)[C@H]1O)c1ccccc1
-0.77,CCOCCOCC
-0.78,c1ccc2[nH]nnc2c1
-0.8,Nc1ccc(O)cc1
-0.8,Cn1ccc(=O)[nH]c1=O
-0.8,CCC[C@@H](O)CC
-0.8,C=C(C)C(=O)OC
-0.8,CC(C)(C)COC(N)=O
-0.82,CCOC(=O)CC(=O)OCC
-0.82,c1ccoc1
-0.82,CCCC(=O)OC
-0.83,C=CCS[S@@](=O)CC=C
-0.83,C=CC(=O)CCC
-0.84,O=C(O)c1cccnc1
-0.85,CCCCC=O
-0.85,CN(N=O)C(N)=O
-0.85,C=COCC
-0.85,Cc1cccc(N)c1
-0.85,CCC(O)(CC)CC
-0.85,OCc1ccccc1O[C@H]1O[C@H](CO)[C@@H](O)[C@@H](O)[C@@H]1O
-0.86,O=Cc1ccccc1O
-0.87,Clc1cnc2cncnc2n1
-0.88,C[C@H]1CC[C@H](O)CC1
-0.88,CCCC(C(C)=O)C(C)=O
-0.89,ClCBr
-0.89,O=C(O)Cc1ccccc1
-0.9,CC(=O)NC(N)=O
-0.91,COc1cnc2cncnc2n1
-0.92,C[C@H](O)c1ccccc1
-0.92,CC(C)CC(C)(C)O
-0.96,CCOC(=O)CCC(=O)OCC
-0.96,C/C=C\CC#N
-0.96,NC(=O)c1ccccc1
-0.96,O=Cc1ccc(O)cc1
-0.97,Cn1c(=O)c2c(ncn2C)n(C)c1=O
-0.98,CC(=O)Nc1ccc(N)cc1
-0.99,O=C1C=CC(=O)C=C1
-0.99,CCCCOC
-1.0,CI
-1.0,CCC[C@](C)(O)CC
-1.01,CC(C)COC=O
-1.03,CC(=O)Nc1ccc(O)cc1
-1.04,c1ccc2c(c1)CCN2
-1.07,O=c1[nH]cc(F)c(=O)[nH]1
-1.08,CCCCC(C)(C)O
-1.09,Oc1ccc(Br)cc1
-1.09,CCBr
-1.1,CC(C)OC(C)C
-1.1,O=C(O)COc1ccccc1
-1.11,COc1ncc2nccnc2n1
-1.11,COc1ncnc2nccnc12
-1.12,NCCc1ccc(O)cc1
-1.13,C[C@H]1C[C@H](C)C(=O)[C@H]([C@H](O)CC2CC(=O)NC(=O)C2)C1
-1.14,CC(C)CCCO
-1.14,Nc1cc[nH]c(=O)n1
-1.16,c1ccc2ocnc2c1
-1.16,O=S(CCCl)CCCl
-1.17,CCC(CC)CO
-1.17,ClC(Cl)Cl
-1.19,Cc1ccc(O)c(C)c1
-1.19,O=Cc1ccccc1
-1.2,Cc1ccc(CO)cc1
-1.2,COC(=O)[C@@H]1[C@@H]2C=C[C@@H](C2)[C@H]1C(=O)OC
-1.21,C=CC(=O)OCC(C)C
-1.22,CC(C)(C)NC[C@H](O)c1ccc(O)c(CO)c1
-1.22,CC(C)C(O)C(C)C
-1.23,N[C@@H](Cc1c[nH]c2ccccc12)C(=O)O
-1.23,CC(=O)NS(=O)(=O)c1ccc(N)cc1
-1.24,CCCCOC(C)=O
-1.24,CCCCCCO
-1.25,O=C1NC(=O)C(=O)C(=O)N1
-1.27,CC[C@](C)(O)C(C)(C)C
-1.28,CC(=O)c1ccccc1
-1.28,CC(=O)c1cccc(N)c1
-1.28,CCCC(=O)OCC
-1.29,CC(Cl)Cl
-1.3,COc1ccc(NC(C)=O)cc1
-1.3,c1ccc2ncccc2c1
-1.3,CCCCCC=O
-1.32,ClCCBr
-1.33,CC(=O)Nc1ccccc1
-1.33,CC(=O)CCC(C)C
-1.36,CCc1ccccc1O
-1.36,CCCCC(=O)OC
-1.37,N=C(N)N[N+](=O)[O-]
-1.37,Nc1cccc(Cl)c1
-1.38,OCCCc1ccccc1
-1.38,CC(C)CC[C@@H](C)O
-1.39,CCC1(CC)C(=O)NC(=O)NC1=O
-1.4,Cc1cc(C)cc(O)c1
-1.4,CCN(CC)CCOC(=O)c1ccc(N)cc1
-1.4,CC(=O)Nc1ccccc1Cl
-1.4,CCCC(O)CCC
-1.41,O=C(O)CCc1ccccc1
-1.42,CCCCCC(C)=O
-1.42,c1ccc(-c2ccccn2)nc1
-1.43,Cc1cccc(O)c1C
-1.44,CCCCNCCCC
-1.45,c1ccsc1
-1.45,c1ccc2cnccc2c1
-1.47,O=C(O)c1ccsc1
-1.47,CCCCl
-1.48,ClCC(Cl)Cl
-1.49,COc1ccc(C=O)cc1
-1.5,O=S(=O)(CCCl)CCCl
-1.51,N=C(N)NCC(=O)O
-1.52,c1ccc2[nH]ccc2c1
-1.52,CCCC(C)(C)CO
-1.52,Nc1ccccc1C(=O)O
-1.52,COc1ccc2c3c1O[C@@H]1[C@@H](O)C=C[C@@H]4[C@H](C2)N(C)CC[C@@]341
-1.53,NCc1ccccc1
-1.54,c1cc(-c2ccncc2)ccn1
-1.54,Cc1ccc(C)c(O)c1
-1.55,CC(C)(C)CCCO
-1.55,O=C(O)c1ccccc1
-1.55,Cc1cccc(C)c1NC(=O)[C@@H]1CCCCN1C
-1.55,CSc1cnc2cncnc2n1
-1.55,Oc1ccc(Cl)cc1Cl
-1.55,CCCCC[C@H](C)O
-1.56,CCCCC(=O)CC(C)=O
-1.56,C=CCc1ccc(O)c(OC)c1
-1.56,Cn1c(=O)[nH]c2[nH]c(=O)[nH]c2c1=O
-1.57,Cc1cc(O)ccc1Cl
-1.57,CNC(=O)Oc1ccccc1C1OCCO1
-1.58,CC(=O)Nc1ccc(C=O)cc1
-1.59,COC(=O)c1ccc(N)cc1
-1.6,c1ccc([C@H]2CO2)cc1
-1.6,C[C@@H](Cl)CCl
-1.6,CC(=O)CC(=O)CC(C)C
-1.6,COCC(=O)N(c1c(C)cccc1C)[C@H](C)C(=O)OC
-1.6,O=C(O)c1ccccc1C(F)(F)F
-1.6,CC(C)C[C@H](C)CO
-1.6,CN(C)C(=O)Nc1ccccc1
-1.61,CC(=O)Nc1ccc(S(N)(=O)=O)cc1
-1.61,COc1ccc(C[C@@H]2NC[C@@H](O)[C@@H]2OC(C)=O)cc1
-1.62,CNC(=O)O/N=C(/CSC)C(C)(C)C
-1.62,C=CCN(CC=C)C(=O)C(Cl)Cl
-1.62,ClCCCCl
-1.62,CCCOCCC
-1.63,O=Cc1ccc2c(c1)OCO2
-1.64,c1ccccc1
-1.64,C=C(Cl)Cl
-1.64,O=C1NS(=O)(=O)c2ccccc21
-1.64,CC1(C)O[C@]2(C)CC[C@H]1CC2
-1.64,CCCCC1(CC)C(=O)NC(=O)NC1=O
-1.66,Nc1ccc(Cl)cc1
-1.67,CCCC(C)(COC(N)=O)COC(N)=O
-1.67,CC(=O)OC1CCCCC1
-1.68,O=C(O)c1cccc([N+](=O)[O-])c1
-1.68,BrCCBr
-1.7,COc1c(Cl)ccc(Cl)c1C(=O)O
-1.7,CCNc1ccccc1
-1.7,CCCCCCC=O
-1.71,FC(F)(F)[C@@H](Cl)Br
-1.71,C=CCC1(C(C)C)C(=O)NC(=O)NC1=O
-1.72,CCCCCC(C)(C)O
-1.72,CCCC[C@H](C)[C@@H](C)O
-1.73,O=C1C=CC(O)(c2cc(O)ccc2O)C=C1
-1.73,CCCBr
-1.74,O=[N+]([O-])c1ccccc1O
-1.74,ClC(Cl)C(Cl)Cl
-1.74,Cc1ccc(S(N)(=O)=O)cc1
-1.75,CCCCC(=O)OCC
-1.76,CSc1ncc2nccnc2n1
-1.76,NC(=O)c1ccccc1O
-1.76,CCN(CC)CC(=O)Nc1c(C)cccc1C
-1.77,C/C=C\C=C/C(=O)O
-1.77,NC(=S)Nc1ccccc1
-1.77,O=C1CSC(=S)N1
-1.78,COC(=O)c1ccc(O)cc1
-1.78,CCCOC(=O)c1cc(O)c(O)c(O)c1
-1.78,CC(=O)Nc1ccc(F)cc1
-1.8,O=[N+]([O-])c1ccccc1
-1.8,CNC(=O)Oc1cccc(C)c1
-1.8,Fc1ccccc1
-1.81,CCCCCCCO
-1.82,O=C(O)c1ccccc1O
-1.83,CCC(=O)c1ccccc1
-1.83,CC(=O)/N=c1\sc(S(N)(=O)=O)nn1C
-1.84,C=C1C[C@@]23C[C@@]1(O)CC[C@@H]2[C@@]12C=C[C@H](O)[C@@](C)(C(=O)O1)[C@H]2[C@H]3C(=O)O
-1.85,CCCCOCCCC
-1.85,COc1ccccc1
-1.86,CCCC(CCC)C(=O)O
-1.87,COc1ccc2c(c1O)[C@]13CCN(C)[C@]1(C=CC(=O)C3)CC2
-1.87,C[C@H]1CCCC(=O)C1
-1.89,C1CCN2C[C@@H]3C[C@@H](CN4CCCC[C@H]34)[C@H]2C1
-1.89,CCCCCOC(C)=O
-1.89,CCOC(=O)C1(c2ccccc2)CCN(C)CC1
-1.89,COc1ccc2c(c1OC)C(=O)OC2
-1.89,O=C(O)CCCCCCCC(=O)O
-1.9,ClC(Br)Br
-1.91,BrC(Br)Br
-1.91,CN1[C@H]2CC[C@@H]1C[C@@H](OC(=O)[C@@H](CO)c1ccccc1)C2
-1.91,CC(=O)Nc1ccc(OC(C)=O)cc1
-1.92,CCCOC(=O)CCC
-1.92,COc1ccc(C=O)c(C(=O)O)c1OC
-1.92,CCCCCCOC(N)=O
-1.92,CN(C)c1ccccc1
-1.92,CCC(=O)Nc1ccccc1
-1.92,CC(=O)OCCC(C)C
-1.93,O=C(O)c1cc(=O)[nH]c(=O)[nH]1
-1.93,O[C@@H](c1ccccc1)[C@H](O)c1ccccc1
-1.94,CCc1nnc(NS(=O)(=O)c2ccc(N)cc2)s1
-1.94,Cc1ccc2ccc(C)nc2c1
-1.95,Cc1nc(N(C)C)nc(OC(=O)N(C)C)c1C
-1.96,COc1ccccc1[N+](=O)[O-]
-1.96,O=C(O)/C=C\c1c[nH]cn1
-1.96,CC[C@@H](C)Cl
-1.96,Nc1ccccc1[N+](=O)[O-]
-1.97,C1=CCC=CC1
-1.99,Oc1ccc2c(c1)CCCC2
-2.0,CC(Cl)(Cl)Cl
-2.02,Cc1ccccc1S(N)(=O)=O
-2.03,CCCCCl
-2.05,CCCCCCC(C)=O
-2.05,CNC(=O)Oc1ccccc1OC(C)C
-2.06,CC(=O)c1ccc(S(=O)(=O)NC(=O)NC2CCCCC2)cc1
-2.06,C=C(C(=O)O)c1ccccc1
-2.06,C=C(C)[C@@H]1CC=C(C)C(=O)C1
-2.06,Cc1ccccc1C(=O)O
-2.07,O[C@@H]1CCN2C1=Nc1ccccc1[C@H]2O
-2.07,O=C(O)Cc1c[nH]c2ccccc12
-2.08,Cc1ccc(C(C)C)cc1O
-2.09,CC(=O)Nc1cccc(C)c1
-2.09,Cc1cc(OC(=O)N(C)C)n(-c2ccccc2)n1
-2.09,CC(C)I
-2.09,C=CCC=C
-2.09,CCCCCC[C@@H](C)O
-2.09,COc1cc2c(cc1OC)[C@]13CCN4CC5=CCO[C@H]6CC(=O)N2[C@H]1[C@H]6[C@@H]5C[C@@H]43
-2.1,OCc1c(Cl)cccc1Cl
-2.11,CCCC[C@H](CC)CO
-2.11,O=C(O)c1ccccc1C(=O)O
-2.12,CN1[C@H]2CC[C@@H]1C[C@@H](OC(=O)[C@@H](CO)c1ccccc1)C2
-2.12,Sc1ccccc1
-2.12,Nc1ncnc2[nH]cnc12
-2.13,CN1CSC(=S)N(C)C1
-2.14,Cc1cccc(C(=O)O)c1
-2.14,O=c1ccc2ccccc2[nH]1
-2.15,CC(C)CNC(=O)N1CCNC1=O
-2.15,C1=CC=CCC=C1
-2.16,O=C(O)COc1ccccc1Cl
-2.16,Oc1ccc2ncccc2c1
-2.17,CCC1(C2=CCCCC2)C(=O)NC(=O)NC1=O
-2.17,CCOc1ccc(NC(N)=O)cc1
-2.18,C=CCC1(c2ccccc2)C(=O)NC(=O)NC1=O
-2.18,CCCCNC(=O)NS(=O)(=O)c1ccc(N)cc1
-2.18,ClCC(Cl)(Cl)Cl
-2.19,O=[N+]([O-])c1ccc(/C=N\O)o1
-2.19,Nc1cccc([N+](=O)[O-])c1
-2.21,CCC1(C(C)C)C(=O)NC(=O)NC1=O
-2.21,Cc1ccccc1
-2.21,O=C(O)C(O)(c1ccccc1)c1ccccc1
-2.22,Oc1cccc2ccccc12
-2.22,Cc1ccc(C(C)C)c(O)c1
-2.22,C[C@@H](Oc1ccccc1Cl)C(=O)O
-2.22,O=[N+]([O-])OCC(CO[N+](=O)[O-])O[N+](=O)[O-]
-2.23,CCC1(CC)C(=O)NC(=O)N(C)C1=O
-2.23,Cc1cc(Cl)ccc1OCC(=O)O
-2.24,CCCCc1c(C)nc(N(C)C)nc1O
-2.24,Cc1cc(NS(=O)(=O)c2ccc(N)cc2)nc(C)n1
-2.24,CC(=O)Nc1ccccc1O
-2.26,O=c1cc[nH]c(=S)[nH]1
-2.28,Oc1ccc2ccccc2c1
-2.28,O=C1NC(=O)C([N+](=O)[O-])C(=O)N1
-2.29,CCCI
-2.3,CCCCCCCC(=O)O
-2.3,CCOP(=S)(OCC)Oc1ccc([S@@](C)=O)cc1
-2.31,Fc1cc(F)c(F)c(F)c1
-2.31,ClC(Cl)(Cl)Cl
-2.32,CCOC(=O)c1ccccc1
-2.32,CC1(C)[C@@H]2CC[C@@]1(C)[C@@H](O)C2
-2.32,Nc1ccc(S(=O)(=O)Nc2ccnn2-c2ccccc2)cc1
-2.33,CCCOC(=O)c1ccc(N)cc1
-2.33,NNC(=O)Nc1ccccc1
-2.34,COC(=O)c1ccccc1O
-2.34,Oc1c(Cl)cc(Cl)cc1Cl
-2.34,CC[C@@]1(c2ccccc2)CCC(=O)NC1=O
-2.35,CCc1cccc(CC)c1N
-2.35,CCOC(=O)c1ccccc1C(=O)OCC
-2.35,CCOC(=O)c1ccc(O)cc1
-2.36,CCCCCCCC=O
-2.36,C#CCCCC
-2.36,CN(C)C(=O)NC1CCCCCCC1
-2.36,CSc1ncnc2nccnc12
-2.36,S=c1ncc2nccnc2[nH]1
-2.37,CCOc1ccc(NC(C)=O)cc1
-2.37,CCCCBr
-2.38,Clc1ccccc1
-2.38,ClC[C@H](Br)CBr
-2.38,N#Cc1ccccc1C#N
-2.38,Oc1ncnc2[nH]ncc12
-2.39,ClCc1ccccc1
-2.39,Oc1ccccc1-c1ccccc1
-2.39,CSc1ccccc1
-2.4,CCCC(Cl)Cl
-2.41,COC(=O)c1ccc(OC)cc1
-2.41,Cc1nnc(NS(=O)(=O)c2ccc(N)cc2)s1
-2.41,COc1ccc([N+](=O)[O-])cc1
-2.42,Cc1c[nH]c2ccccc12
-2.43,CC(C)CBr
-2.43,Cc1cc(=O)[nH]c(=S)[nH]1
-2.43,Nc1ccc(S(=O)(=O)Nc2nccs2)cc1
-2.43,CC1=C(C(=O)Nc2ccccc2)S(=O)(=O)CCO1
-2.44,Cc1cccc([N+](=O)[O-])c1
-2.44,Cc1nc(NS(=O)(=O)c2ccc(N)cc2)oc1C
-2.45,Cc1cnc(S)nc1O
-2.45,C[C@H](Oc1ccc(Cl)cc1Cl)C(=O)O
-2.47,Nc1cc(Cl)cc(C(=O)O)c1Cl
-2.48,Cc1[nH]c(=O)n(C(C)(C)C)c(=O)c1Cl
-2.48,O=C(O)/C=C\c1ccccc1
-2.48,CC(C)N(C(=O)CCl)c1ccccc1
-2.51,O=C(O)COc1ccc(Cl)cc1Cl
-2.52,CN(C)[C@@H]1C(O)=C(C(N)=O)C(=O)[C@]2(O)C(O)=C3C(=O)c4c(O)ccc(Cl)c4[C@@H](O)[C@H]3C[C@H]12
-2.52,CCC[C@@H](C)C1(CC)C(=O)NC(=O)NC1=O
-2.53,COc1cc(Cl)c(Cl)cc1O
-2.54,C/C=C\CC
-2.54,Fc1ccc(CCl)cc1
-2.54,Oc1cccc2ncccc12
-2.54,COc1cc(NS(=O)(=O)c2ccc(N)cc2)nc(C)n1
-2.55,Cc1cc(Cl)ccc1O[C@@H](C)C(=O)O
-2.56,CC1=C(C(=O)Nc2ccccc2)CCCO1
-2.57,CCC1(CCC(C)C)C(=O)NC(=O)NC1=O
-2.58,COc1cnc(NS(=O)(=O)c2ccc(N)cc2)nc1
-2.58,CCCCCCCC(C)=O
-2.59,C1=CCCCC1
-2.59,O=C(O)c1cccc(Cl)c1
-2.59,CCc1cccs1
-2.6,c1ccc(CN(CC2=NCCN2)c2ccccc2)cc1
-2.6,ClC(Cl)C(Cl)(Cl)Cl
-2.6,COc1ccc([C@](O)(c2cncnc2)C2CC2)cc1
-2.61,O=C(O)Cn1c(=O)sc2cccc(Cl)c21
-2.62,Cc1cc(NS(=O)(=O)c2ccc(N)cc2)no1
-2.62,CCCCCCCOC(N)=O
-2.62,NS(=O)(=O)c1cc2c(cc1Cl)NCNS2(=O)=O
-2.63,O=[N+]([O-])O[C@H]1CO[C@H]2[C@@H](O[N+](=O)[O-])CO[C@@H]12
-2.63,CCC(=O)c1ccc(N)cc1
-2.63,CCC[C@@H](C)Cl
-2.64,C1CCCC1
-2.64,CN(C)CCN(Cc1ccccc1)c1ccccn1
-2.64,CN(C)CCN(Cc1cccs1)c1ccccn1
-2.65,O=C(O)Cc1cccc2ccccc12
-2.68,CC(C)N1C(=O)c2ccccc2NS1(=O)=O
-2.68,C=CCCC=C
-2.68,C=CCCC
-2.68,c1cnc2c(c1)ccc1ncccc12
-2.69,CC(=O)Nc1ccc([N+](=O)[O-])cc1
-2.69,C[C@@H](Cl)C(C)(C)Cl
-2.7,C[C@H](Cl)[C@@H](C)Cl
-2.7,Nc1ccc(-c2ccc(N)cc2)cc1
-2.7,NCCCCCCCCCCC(=O)O
-2.71,CCCCCCC(=O)OCC
-2.71,CCOc1ccc(C(=O)OCCN(CC)CC)cc1
-2.72,CCCCOC(=O)c1ccc(O)cc1
-2.73,O=C(O)c1ccccc1I
-2.73,CCc1cccc(C)c1N(C(=O)CCl)[C@@H](C)COC
-2.73,CCCCCCl
-2.74,CN1C(=O)NC(=O)[C@@](C)(C2=CCCCC2)C1=O
-2.75,CCCCCCCCC(=O)O
-2.75,Nc1c(Cl)c(Cl)nc(C(=O)O)c1Cl
-2.76,C=C[C@H]1CN2CC[C@H]1C[C@H]2[C@@H](O)c1ccnc2ccc(OC)cc12
-2.77,S=c1[nH]cnc2nccnc12
-2.78,c1ccc2c(c1)cnc1ccccc12
-2.8,Cc1cc(O)cc(C)c1Cl
-2.8,Cc1ccccc1C
-2.81,O=C(Cn1ccnc1[N+](=O)[O-])NCc1ccccc1
-2.82,Cn1c(=O)on(-c2ccc(Cl)c(Cl)c2)c1=O
-2.82,Cc1cccc(C)c1
-2.82,CC[C@H]1[C@H]2C[C@@H]3[C@@H]4N(C)c5ccccc5[C@@]45C[C@@H]([C@@H]2[C@@H]5O)N3[C@H]1O
-2.82,Nc1ccc(S(=O)(=O)c2ccc(N)cc2)cc1
-2.84,CC(=O)Nc1ccc(Cl)cc1
-2.85,Cc1ccnc(NS(=O)(=O)c2ccc(N)cc2)n1
-2.86,COc1cc(Cc2cnc(N)nc2N)cc(OC)c1OC
-2.86,N[C@@H](Cc1cc(I)c(O)c(I)c1)C(=O)O
-2.87,C[C@H]1c2cccc(O)c2C(=O)C2=C(O)[C@]3(O)C(=O)C(C(N)=O)=C(O)[C@@H](N(C)C)[C@H]3[C@@H](O)[C@H]21
-2.87,Nc1cnn(-c2ccccc2)c(=O)c1Cl
-2.88,CN(C)[C@H]1C(O)=C(C(N)=O)C(=O)[C@@]2(O)C(O)=C3C(=O)c4c(O)ccc(Cl)c4[C@@](C)(O)[C@@H]3C[C@H]12
-2.89,CN(C)C(=O)Nc1ccc(Cl)cc1
-2.89,CC(C)CCBr
-2.91,Cc1noc(NS(=O)(=O)c2ccc(N)cc2)c1C
-2.92,Oc1cccc2c(O)cccc12
-2.92,C=CCc1ccc(OC)cc1
-2.92,NC(=O)c1ccccc1C(N)=O
-2.93,CN(C)C(=O)Nc1cccc(OC(=O)NC(C)(C)C)c1
-2.93,COc1cc(O)c2c(=O)c3cc(O)ccc3oc2c1
-2.96,CCCCI
-2.96,COc1cc(NS(=O)(=O)c2ccc(N)cc2)nc(OC)n1
-2.98,CN(C)C(=O)C(c1ccccc1)c1ccccc1
-3.0,CCOC(=O)/C=C\c1ccccc1
-3.0,CCC(=O)Nc1ccc(Cl)c(Cl)c1
-3.0,CCC1(C2=CCCCCC2)C(=O)NC(=O)NC1=O
-3.01,CCCCCCCCCO
-3.01,CN(C)C(=O)N[C@H]1C[C@@H]2C[C@H]1[C@H]1CCC[C@H]21
-3.01,C#CCCCCC
-3.02,CCCCc1c(C)nc(NCC)nc1O
-3.03,CCN(CC)c1ccccc1
-3.04,CC(C)Cc1ccc([C@@H](C)C(=O)NO)cc1
-3.04,CCNc1nc(NC(C)C)nc(SC)n1
-3.05,NS(=O)(=O)c1cc2c(cc1Cl)N=CNS2(=O)=O
-3.05,CCCCNC(=O)NS(=O)(=O)c1ccccc1
-3.05,Clc1ccccc1Cl
-3.07,C=C[C@@H]1CN2CC[C@H]1C[C@@H]2[C@@H](O)c1ccnc2ccccc12
-3.07,CCCCCBr
-3.08,O=c1c(O)c(-c2ccc(O)cc2O)oc2cc(O)cc(O)c12
-3.09,C=C[C@@H]1CN2CC[C@H]1C[C@@H]2[C@H](O)c1ccnc2ccccc12
-3.09,CC1=C2[C@H]3OC(=O)[C@@H](C)[C@@H]3CC[C@]2(C)C=CC1=O
-3.11,CCc1ccc(C)cc1
-3.11,C[C@@]12CCC(=O)C=C1CC[C@@H]1[C@@H]2C(=O)C[C@]2(C)[C@@H]1CC[C@]2(O)C(=O)CO
-3.12,CCCCCCCl
-3.12,CN(C)[C@@H]1C(O)=C(C(N)=O)C(=O)[C@]2(O)C(O)=C3C(=O)c4c(O)cccc4[C@](C)(O)[C@H]3C[C@@H]12
-3.12,CCCCN(CCCC)CCCC
-3.12,FC(F)(Cl)C(F)(F)Cl
-3.13,C=CCOC(=O)c1ccccc1C(=O)OCC=C
-3.13,C/C=C\c1ccc(OC)cc1
-3.13,Fc1ccc(I)cc1
-3.14,CN(C)[C@@H]1C(O)=C(C(N)=O)C(=O)[C@@]2(O)C(O)=C3C(=O)c4c(O)cccc4[C@@](C)(O)[C@H]3[C@@H](O)[C@@H]12
-3.14,BrC(Br)(Br)Br
-3.14,COc1ccc2c(c1OC)C(=O)O[C@@H]2[C@@H]1c2c(cc3c(c2OC)OCO3)CCN1C
-3.14,CC1=C(C(=O)Nc2ccccc2)SCCO1
-3.15,CCNc1nc(Cl)nc(NC(C)(C)C#N)n1
-3.15,O=C(Nc1ccccc1)Nc1ccccc1
-3.15,O=C(Oc1ccccc1)c1ccccc1O
-3.18,CCN(CC)CCNC(=O)c1cc(Cl)c(N)cc1OC
-3.18,Sc1nc2ccccc2s1
-3.18,CCCCC
-3.2,Cc1cccc(C)c1C
-3.21,Clc1cccc(Br)c1
-3.21,CCc1ccccc1C
-3.22,O=C(O)C(c1ccccc1)c1ccccc1
-3.22,I/C=C\I
-3.23,C=CCCCC
-3.24,Nc1ccc(Cl)c(Cl)c1
-3.24,CC(=O)Nc1cc(NS(=O)(=O)C(F)(F)F)c(C)cc1C
-3.25,CC(=O)Nc1ccc(I)cc1
-3.26,CCc1cccc(CC)c1N(COC)C(=O)CCl
-3.26,CCCCCOC(=O)c1ccc(N)cc1
-3.26,COC(=O)c1cc(Cl)cc(N)c1Cl
-3.27,CCCCCNCCOC(=O)c1ccc(N)cc1
-3.27,O=C(O)c1cccc(I)c1
-3.27,CC1=CCCCC1
-3.27,CC(C)c1ccccc1
-3.28,COc1ccc(NS(=O)(=O)c2ccc(N)cc2)nn1
-3.28,CNC(=O)Oc1cccc2ccccc12
-3.3,CC1CCCC1
-3.3,Cc1occc1C(=O)Nc1ccccc1
-3.31,O=C(O)c1cc(I)cc(I)c1O
-3.31,O=C(O)c1ccc(Cl)cc1
-3.31,CCCCCCCCC(C)=O
-3.31,Cc1ccc(C)c(C)c1
-3.32,O=C1C[C@@H]2OCC=C3CN4CC[C@@]56c7ccccc7N1[C@H]5[C@H]2[C@@H]3C[C@@H]46
-3.33,N#Cc1cc(Br)c(O)c(Br)c1
-3.35,CCOP(=S)(OCC)N1C(=O)c2ccccc2C1=O
-3.36,c1ccc2c(c1)ccc1ncccc12
-3.36,CCC[C@H](C)C1(CC)C(=O)NC(=S)NC1=O
-3.37,C[C@@H](CCC(=O)O)[C@H]1CC[C@@H]2[C@@H]3[C@@H](O)C[C@@H]4C[C@H](O)CC[C@@]4(C)[C@H]3C[C@@H](O)[C@@]12C
-3.37,CCn1cc(C(=O)O)c(=O)c2ccc(C)nc21
-3.37,C=C[C@@H]1CN2CC[C@H]1C[C@H]2[C@H](O)c1ccnc2ccc(OC)cc12
-3.37,CCCc1ccccc1
-3.37,O[C@@](Cn1cncn1)(c1ccc(F)cc1)c1ccccc1F
-3.39,CCCCCCCC(=O)OC
-3.39,C=C(Cl)CSC(=S)N(CC)CC
-3.39,CCCCNC(=O)NS(=O)(=O)c1ccc(C)cc1
-3.4,CN(C)CC/C=C1/c2ccccc2COc2ccccc21
-3.4,C=CCCCCCCCCC(=O)O
-3.4,Cc1cc(C)cc(C)c1
-3.42,CCO[C@@H]1Oc2ccc(OS(C)(=O)=O)cc2C1(C)C
-3.43,C[C@@]12CCC(=O)C=C1CC[C@H]1[C@H]3CC[C@](O)(C(=O)CO)[C@]3(C)C[C@H](O)[C@@]12F
-3.43,CN(C)C(=O)Nc1cccc(C(F)(F)F)c1
-3.44,CCCCCCCCCC(=O)O
-3.46,C=CCC1([C@@H](C)CCC)C(=O)NC(=S)NC1=O
-3.48,C[C@]12CC(=O)[C@H]3[C@H](CCC4=CC(=O)CC[C@@]43C)[C@H]1CCC2=O
-3.48,CCCCOC(=O)c1ccccc1
-3.48,Oc1ccc(-c2ccccc2)cc1
-3.5,Brc1ccccc1Br
-3.51,Nc1ccc(S(=O)(=O)Nc2ncccn2)cc1
-3.51,c1ccc(Nc2ccccc2)cc1
-3.52,C1CCCCCC1
-3.52,CON(C)C(=O)Nc1ccc(Cl)c(Cl)c1
-3.52,Cc1cccc(Br)c1
-3.52,Cc1ccccc1Cl
-3.54,O=[N+]([O-])c1cccc2ccccc12
-3.55,CCC(C)(C)C
-3.57,CCN(CC)C(=O)[C@H](C)Oc1cccc2ccccc12
-3.59,CC(=O)N(c1onc(C)c1C)S(=O)(=O)c1ccc(N)cc1
-3.59,NS(=O)(=O)c1cc2c(cc1C(F)(F)F)N[C@@H](Cc1ccccc1)NS2(=O)=O
-3.59,Clc1ccc(Cl)c(Cl)c1
-3.59,O=C(Nc1ccccc1)c1ccccc1O
-3.6,c1ccc2ccccc2c1
-3.6,O=C1Nc2ccc(Cl)cc2C(c2ccccc2Cl)=N[C@H]1O
-3.61,N#Cc1cc(I)c(O)c(I)c1
-3.61,CC(C)(C)C(=O)[C@H](Oc1ccc(Cl)cc1)n1cncn1
-3.63,CCCCCCCCCCO
-3.63,Clc1ccc(Br)cc1
-3.64,C[C@@H]1C[C@@H]2[C@@H]3CCC4=CC(=O)C=C[C@@]4(C)[C@@]3(F)[C@@H](O)C[C@@]2(C)[C@@]1(O)C(=O)CO
-3.64,C[C@@H](CCC(=O)O)[C@@H]1CC[C@H]2[C@H]3[C@@H](O)C[C@H]4C[C@@H](O)CC[C@]4(C)[C@@H]3CC[C@]12C
-3.66,CNCCCN1c2ccccc2CCc2ccccc21
-3.66,C#CCCCCCC
-3.67,ClC(Cl)(Cl)C(Cl)(Cl)Cl
-3.67,O=C(O)CCCOc1ccc(Cl)cc1Cl
-3.68,Cc1cc2nc3c(=O)[nH]c(=O)nc-3n(C[C@@H](O)[C@@H](O)[C@@H](O)CO)c2cc1C
-3.68,Cc1ccc(S(=O)(=O)NC(=O)NN2CCCCCC2)cc1
-3.69,C[C@@]12C[C@H](O)[C@@]3(F)[C@@H](CCC4=CC(=O)C=C[C@]43C)[C@H]1C[C@@H](O)[C@]2(O)C(=O)CO
-3.69,C[C@@]12CCC(=O)C=C1CC[C@@H]1[C@@H]2CC[C@@]2(C)C(=O)CC[C@H]12
-3.7,C[C@H](C(=O)O)c1cccc(C(=O)c2ccccc2)c1
-3.7,Nc1ccc(S(=O)(=O)Nc2cnccn2)cc1
-3.71,CCC(=O)N(c1ccccc1)C1(COC)CCN(CCc2cccs2)CC1
-3.73,CCCC[C@@H]1C(=O)N(c2ccccc2)N(c2ccc(O)cc2)C1=O
-3.74,CCCC(C)C
-3.75,CCc1ccc(CC)cc1
-3.75,O=NN(c1ccccc1)c1ccccc1
-3.77,COC(=O)[C@@H](Cl)Cc1ccc(Cl)cc1
-3.77,Cc1ccc2ccccc2c1
-3.78,Cc1ccccc1N1C(=O)c2cc(S(N)(=O)=O)c(Cl)cc2N[C@H]1C
-3.79,Cc1cccc(C)c1NC(=O)c1cc(S(N)(=O)=O)c(Cl)cc1O
-3.8,CN1C(=O)CN=C(c2ccccc2)c2cc([N+](=O)[O-])ccc21
-3.81,CCOc1ccc2nc(S(N)(=O)=O)sc2c1
-3.81,CCCCC1C(=O)N(c2ccccc2)N(c2ccccc2)C1=O
-3.81,CCCCCCBr
-3.82,C[C@H](CCC(=O)O)[C@H]1CC[C@@H]2[C@@H]3C[C@H](O)[C@@H]4C[C@@H](O)CC[C@]4(C)[C@H]3CC[C@]21C
-3.84,CCCCOc1ccc(C(=O)OCCN(CC)CC)cc1
-3.89,CC[C@H](C)c1ccccc1
-3.93,Clc1cccc2ccccc12
-3.95,CCCCCCOC(=O)c1ccc(N)cc1
-3.95,Oc1ccc(Cl)cc1Cc1cc(Cl)ccc1O
-3.96,C1=Cc2cccc3cccc1c23
-3.96,C[C@]12CC[C@H]3c4ccc(O)cc4CC[C@@H]3[C@H]1CCC2=O
-3.97,Cc1ccnc2c1ccc1c(C)ccnc12
-3.98,N#Cc1ccc2c(c1)N(CCCN1CCC(O)CC1)c1ccccc1S2
-3.99,CC(C)Cc1ccc([C@@H](C)C(=O)O)cc1
-4.0,CCNc1nc(NC(C)(C)C)nc(SC)n1
-4.0,C=C(C)[C@@H]1CC=C(C)CC1
-4.02,COc1c(O)c(Cl)c(Cl)c(Cl)c1Cl
-4.04,CNc1cnn(-c2cccc(C(F)(F)F)c2)c(=O)c1Cl
-4.06,CCNc1nc(Cl)nc(N(CC)CC)n1
-4.08,CC(C)N(C(=O)SC/C(Cl)=C/Cl)C(C)C
-4.08,Cc1nnc2n1-c1ccc(Cl)cc1C(c1ccccc1Cl)=NC2
-4.1,CCCCCCCCCC(=O)OCC
-4.1,CC(=O)[C@]1(O)CC[C@H]2[C@H]3C[C@@H](C)C4=CC(=O)C=C[C@@]4(C)[C@@]3(F)[C@@H](O)C[C@@]21C
-4.11,C[C@H]1CCCC[C@@H]1NC(=O)Nc1ccccc1
-4.11,CC(C)(C)C(=O)C1C(=O)c2ccccc2C1=O
-4.12,CC(C)Cc1ccccc1
-4.12,C[C@]12CC[C@H]3[C@H](CC=C4C[C@H](O)CC[C@@]43C)[C@H]1CCC2=O
-4.14,Cc1ccc(C)c2ccccc12
-4.14,Clc1ccc2ccccc2c1
-4.15,CCC(C)(C)c1ccccc1
-4.15,OCCN1CCN(CCCN2c3ccccc3Sc3ccc(C(F)(F)F)cc32)CC1
-4.16,COc1ccc(Oc2ccc(NC(=O)N(C)C)cc2)cc1
-4.16,COc1ccc2cc([C@@H](C)C(=O)O)ccc2c1
-4.16,CCCCc1c(C)nc(NCC)nc1OS(=O)(=O)N(C)C
-4.16,OCCN1CCN(CCCN2c3ccccc3Sc3ccc(Cl)cc32)CC1
-4.16,C[C@]12CC[C@H]3[C@H](CC[C@@H]4C[C@H](O)CC[C@@]34C)[C@H]1CCC2=O
-4.17,CCc1cccc2ccccc12
-4.17,c1ccc(Cc2ccccc2)cc1
-4.18,COC(=O)[C@]1(O)c2ccccc2-c2ccc(Cl)cc21
-4.19,CN(C)CCCN1c2ccccc2CCc2ccccc21
-4.19,CCCCOCN(C(=O)CCl)c1c(CC)cccc1CC
-4.19,O=CN[C@H](N1CCN([C@@H](NC=O)C(Cl)(Cl)Cl)CC1)C(Cl)(Cl)Cl
-4.2,CC(C)OP(=S)(OC(C)C)SCCNS(=O)(=O)c1ccccc1
-4.21,Cc1ccc(S(=O)(=O)NC(=O)NC2CCCCC2)cc1
-4.21,O=C(Nc1ccccc1)c1ccccc1I
-4.22,COc1ccc2c(c1)N(C[C@@H](C)CN(C)C)c1ccccc1S2
-4.22,Nc1cccc2nc3ccccc3cc12
-4.23,CCOP(=S)(OCC)SCCSCC
-4.24,CNC(=O)Oc1cc(C(C)(C)C)cc(C(C)(C)C)c1
-4.24,N#Cc1c(Cl)cccc1Cl
-4.24,C#CCCCCCCC
-4.25,CCC1CCCCC1
-4.26,CC(C)CC(C)C
-4.27,C[C@H]1CCCC[C@@H]1C
-4.29,Cc1cc(C)c2ccccc2c1
-4.3,CC(=O)OCC(=O)[C@]1(O)CC[C@H]2[C@@H]3CCC4=CC(=O)CC[C@@]4(C)[C@@H]3[C@@H](O)C[C@]21C
-4.31,COc1ccc2ccc(=O)oc2c1CC=C(C)C
-4.31,CCCCCCCCCCCCCCC(=O)O
-4.31,c1ccc(-c2ccccc2)cc1
-4.33,C[C@H]1CCCC[C@@H]1C
-4.35,Brc1cccc2ccccc12
-4.35,C[C@H](CCC(=O)O)[C@@H]1CC[C@H]2[C@H]3C[C@@H](O)[C@H]4C[C@@H](O)CC[C@]4(C)[C@@H]3C[C@@H](O)[C@@]21C
-4.35,CC/C(=C(\CC)c1ccc(O)cc1)c1ccc(O)cc1
-4.36,O=C(O)c1ccccc1Nc1cccc(C(F)(F)F)c1
-4.37,CC(=O)OCC(=O)[C@@]1(O)CC[C@@H]2[C@@H]3CCC4=CC(=O)C=C[C@@]4(C)[C@H]3[C@@H](O)C[C@]21C
-4.37,O=C(Nc1cccc(Cl)c1)OCC#CCCl
-4.4,C[C@@]12CC[C@H]3[C@@H](CC[C@@H]4C[C@H](O)CC[C@@]34C)[C@H]1CCC2=O
-4.4,Brc1ccc2ccccc2c1
-4.4,CN1CCN(CCCN2c3ccccc3Sc3ccc(Cl)cc32)CC1
-4.4,CCCCOC(=O)c1ccccc1C(=O)OCCCC
-4.43,CC(=O)[C@@H]1CC[C@@H]2[C@@H]3CCC4=CC(=O)CC[C@@]4(C)[C@H]3CC[C@@]12C
-4.43,CC(C)Nc1nc(Cl)nc(NC(C)C)n1
-4.44,Cn1cc(-c2ccccc2)c(=O)c(-c2cccc(C(F)(F)F)c2)c1
-4.44,C=CCCCCCC
-4.45,c1ccc(/N=N\c2ccccc2)cc1
-4.46,CC(=O)O[C@H]1CC[C@@]2(C)C(=CC[C@H]3[C@H]4CCC(=O)[C@@]4(C)CC[C@H]32)C1
-4.46,Oc1cc(Cl)ccc1Oc1ccc(Cl)cc1Cl
-4.47,C[C@H]1CC[C@H](C)CC1
-4.49,C[C@H](C(=O)O)c1ccc(-c2ccccc2)c(F)c1
-4.5,Brc1ccc(Br)c(Br)c1
-4.51,Cl[C@H]1[C@@H](Cl)[C@@H](Cl)[C@@H](Cl)[C@@H](Cl)[C@@H]1Cl
-4.53,CCCCCCC
-4.54,Clc1ccccc1-c1ccccc1
-4.55,CCNc1nc(Cl)nc(NCC)n1
-4.57,Clc1ccc(Cl)c(Cl)c1Cl
-4.57,C#C[C@]1(O)CC[C@@H]2[C@@H]3CCC4=CC(=O)CC[C@H]4[C@H]3CC[C@]21C
-4.6,CCCCCCCOC(=O)c1ccc(N)cc1
-4.6,S=C=Nc1cccc2ccccc12
-4.6,c1ccc2c(c1)oc1ccccc12
-4.61,COC1=CC(=O)C[C@H](C)[C@@]12Oc1c(Cl)c(OC)cc(OC)c1C2=O
-4.62,COc1ccc2c(c1)c(CC(=O)O)c(C)n2C(=O)c1ccc(Cl)cc1
-4.62,CCCCCCCCCCCC(=O)O
-4.63,CCCCCCCCCC(=O)OC
-4.63,Clc1cc(Cl)c(Cl)c(Cl)c1
-4.63,c1cc2c3c(cccc3c1)CC2
-4.64,CCCCCc1ccccc1
-4.66,CC(C)COC(=O)c1ccccc1C(=O)OCC(C)C
-4.67,CCCCCCCCCCCCO
-4.69,CCCCCCCCCCCC(=O)OC
-4.7,CC(=O)OCCN1CCN(CCCN2c3ccccc3Sc3ccc(Cl)cc32)CC1
-4.7,O=C(Nc1ccc([N+](=O)[O-])cc1Cl)c1cc(Cl)ccc1O
-4.71,CC(=O)[C@@]1(O)CC[C@@H]2[C@@H]3CCC4=CC(=O)CC[C@@]4(C)[C@H]3CC[C@]21C
-4.71,CCCCC(=O)O[C@]1(C(=O)CO)[C@H](C)C[C@@H]2[C@@H]3CCC4=CC(=O)C=C[C@@]4(C)[C@@]3(F)[C@@H](O)C[C@]21C
-4.74,CCCC1CCCC1
-4.74,CN1CCC[C@H](CN2c3ccccc3Sc3ccccc32)C1
-4.74,Cc1cccc2c(C)cccc12
-4.77,CCCCN(C)C(=O)Nc1ccc(Cl)c(Cl)c1
-4.81,CCCCCCCI
-4.85,Cc1cccc(Oc2cccc(C)c2)c1
-4.86,CCN(CC)C(=S)SSC(=S)N(CC)CC
-4.88,Clc1cccc(-c2ccccc2)c1
-4.9,CC(=O)O[C@]1(C(=O)CO)[C@H](C)C[C@@H]2[C@@H]3CCC4=CC(=O)C=C[C@@]4(C)[C@@]3(F)[C@@H](O)C[C@]21C
-4.91,c1ccc2c(c1)Cc1ccccc1-2
-4.92,Nc1ccc(-c2ccc(N)c(Cl)c2)cc1Cl
-4.92,Cc1ccc(C)c2c(C)cccc12
-4.93,CC(C)OC(=O)C(O)(c1ccc(Br)cc1)c1ccc(Br)cc1
-4.95,C/C=C(C(=C/C)/c1ccc(O)cc1)\c1ccc(O)cc1
-4.95,CC(=O)O[C@@]1(C(C)=O)CC[C@H]2[C@H]3C=C(Cl)C4=CC(=O)C=C[C@]4(C)[C@@H]3CC[C@@]21C
-4.97,c1ccc2c(c1)[nH]c1ccccc12
-4.98,Clc1cc(Cl)c2nsnc2c1Cl
-5.01,CN(C)CCCN1c2ccccc2Sc2ccc(Cl)cc21
-5.03,O=C1C(Cl)=C(NC(=O)C(Cl)Cl)C(=O)c2ccccc21
-5.04,Brc1cccc(Br)c1Br
-5.05,C=CCCCCCCC
-5.06,CCCCCCCCBr
-5.06,O=C(O)CCC(=O)c1ccc(-c2ccccc2)cc1
-5.09,COc1ccc(Cl)cc1C(=O)NCCc1ccc(S(=O)(=O)NC(=O)NC2CCCCC2)cc1
-5.14,CCCCSP(=O)(SCCCC)SCCCC
-5.15,C[C@@H](CCC(=O)NCC(=O)O)[C@H]1CC[C@@H]2[C@@H]3[C@@H](O)C[C@@H]4C[C@H](O)CC[C@@]4(C)[C@H]3C[C@@H](O)[C@@]12C
-5.17,Nc1ccc2cc3ccccc3cc2c1
-5.18,ClC1=C(Cl)C(Cl)(Cl)C(Cl)=C1Cl
-5.19,COC(C)(C)CCC[C@H](C)C/C=C\C(C)=C\C(=O)OC(C)C
-5.19,O=C1c2ccccc2C(=O)c2ccccc21
-5.21,Clc1cccc(Cl)c1-c1ccccc1
-5.22,N[C@H](Cc1cc(I)c(Oc2ccc(O)c(I)c2)c(I)c1)C(=O)O
-5.22,Cc1cccc2c1Cc1ccccc1-2
-5.24,CCCCCCCC
-5.25,Clc1ccc(-c2ccccc2)c(Cl)c1
-5.27,CC(=O)[C@]1(C)CC[C@H]2[C@H]3C=C(C)C4=CC(=O)CC[C@@]4(C)[C@@H]3CC[C@@]21C
-5.27,Clc1ccccc1-c1ccccc1Cl
-5.28,C[C@@]12CC[C@H]3C(=CCc4cc(O)ccc43)[C@H]1CCC2=O
-5.28,Clc1ccc(-c2ccccc2Cl)cc1
-5.3,CN(C)CCCN1c2ccccc2Sc2ccc(C(F)(F)F)cc21
-5.31,c1ccc2c(c1)Oc1ccccc1O2
-5.33,CCCCCCCCCCCCCC(=O)O
-5.35,CC(=O)O[C@]1(C(C)=O)CC[C@H]2[C@@H]3C=C(C)C4=CC(=O)CC[C@]4(C)[C@@H]3CC[C@@]21C
-5.37,CCC(=O)O[C@@H]1CC[C@@H]2[C@@H]3CCC4=CC(=O)CC[C@@]4(C)[C@H]3CC[C@@]12C
-5.4,CCCCCCCCOC(=O)c1ccc(N)cc1
-5.4,c1ccc2nc(-c3ccc4ccccc4n3)ccc2c1
-5.4,O=C1[C@H]2CC=CC[C@@H]2C(=O)N1SC(Cl)(Cl)C(Cl)Cl
-5.41,C[C@]12CC[C@@H]3[C@H](CC[C@H]4C[C@H]5S[C@@H]5C[C@@]43C)[C@H]1CC[C@@H]2O
-5.43,Clc1c(Cl)c(Cl)c2nccnc2c1Cl
-5.46,O=[N+]([O-])c1ccc(Oc2ccc(Cl)cc2Cl)cc1
-5.47,CCN(CC)c1c([N+](=O)[O-])cc(C(F)(F)F)c(N)c1[N+](=O)[O-]
-5.47,Cc1ccc(/N=C\N(C)/C=N\c2ccc(C)cc2C)c(C)c1
-5.51,CC(C)(C)CC(=O)OCC(=O)[C@]1(O)CC[C@@H]2[C@H]3CCC4=CC(=O)CC[C@]4(C)[C@@H]3[C@H](O)C[C@@]21C
-5.53,CCCCN(CC)c1c([N+](=O)[O-])cc(C(F)(F)F)cc1[N+](=O)[O-]
-5.54,CCOP(=S)(OCC)SCSP(=S)(OCC)OCC
-5.54,COc1ccc2c(c1)c(CC(=O)O)c(C)n2C(=O)/C=C\c1ccccc1
-5.64,CCCCOC(=O)c1ccccc1C(=O)OCc1ccccc1
-5.64,ClC1=C(Cl)[C@]2(Cl)[C@H]3CC=C[C@@H]3[C@]1(Cl)C2(Cl)Cl
-5.65,Clc1cc(Cl)c(Cl)c(Cl)c1Cl
-5.66,C#C[C@]1(O)CC[C@@H]2[C@@H]3CCC4=CC(=O)CC[C@@]4(C)[C@H]3CC[C@]21C
-5.68,CCCCCCCCCCCCCCCCCC(=O)O
-5.69,CC(C)Oc1cc(-n2nc(C(C)(C)C)oc2=O)c(Cl)cc1Cl
-6.7,C[C@]12CC[C@H]3[C@H](CC[C@H]4CCCC[C@@]34C)[C@H]1CCC2=O
-5.72,COP(=S)(OC)Oc1cc(Cl)c(Cl)cc1Cl
-5.82,O=[N+]([O-])c1c(Cl)c(Cl)c(Cl)c(Cl)c1Cl
-6.0,c1ccc2c(c1)-c1cccc3cccc-2c13
-6.01,Clc1cccc(-c2cc(Cl)ccc2Cl)c1
-6.02,O=C(NC(=O)c1c(F)cccc1F)Nc1ccc(Cl)cc1
-6.05,CCCCCCCCCCCCCCO
-6.14,Clc1cc(Cl)c(-c2ccccc2)c(Cl)c1
-6.19,c1cc2ccc3cccc4ccc(c1)c2c34
-6.2,Nc1cc2c3ccccc3ccc2c2ccccc12
-6.25,Clc1ccc(-c2cc(Cl)ccc2Cl)cc1
-6.26,Clc1ccc(-c2cccc(Cl)c2Cl)cc1
-6.27,Clc1cc(Cl)c(-c2ccccc2)cc1Cl
-6.29,ClC1=C(Cl)[C@@]2(Cl)[C@H]3[C@H]([C@@H]4C[C@H]3[C@H]3O[C@H]43)[C@@]1(Cl)C2(Cl)Cl
-6.29,Clc1ccc(-c2ccccc2Cl)cc1Cl
-6.34,CCOP(=S)(OCC)S[C@@H](CCl)N1C(=O)c2ccccc2C1=O
-6.35,c1ccc2cc3ccccc3cc2c1
-6.36,ClC(Cl)=C(c1ccc(Cl)cc1)c1ccccc1Cl
-6.39,Clc1ccc(-c2ccccc2)cc1Cl
-6.47,Clc1ccc(Cl)c(-c2cccc(Cl)c2Cl)c1
-6.51,Clc1ccc([C@@H](c2ccccc2Cl)C(Cl)Cl)cc1
-6.56,Clc1ccc(-c2ccc(Cl)cc2)cc1
-6.57,Clc1ccc(-c2cc(Cl)ccc2Cl)c(Cl)c1
-6.57,Cc1c2ccccc2c(C)c2ccccc12
-6.62,COP(=S)(OC)Oc1cc(Cl)c(I)cc1Cl
-6.68,c1ccc2c(c1)Cc1c-2ccc2ccccc12
-6.74,c1ccc2c(c1)c1ccccc1c1ccccc21
-6.8,Clc1ccc(Cl)c(-c2c(Cl)cccc2Cl)c1
-6.89,CCc1ccc2cc3ccccc3cc2c1
-6.9,ClC(Cl)=C(c1ccc(Cl)cc1)c1ccc(Cl)cc1
-6.96,Cc1ccc2cc3ccccc3cc2c1
-7.02,Cc1c2ccccc2c(C)c2c1ccc1ccccc12
-7.11,c1ccc(-c2ccc(-c3ccccc3)cc2)cc1
-7.2,Clc1ccc(C(c2ccc(Cl)cc2)C(Cl)Cl)cc1
-7.21,Clc1ccccc1-c1cc(Cl)c(Cl)c(Cl)c1Cl
-7.25,Clc1ccc(Cl)c(-c2ccc(Cl)c(Cl)c2)c1
-7.28,Clc1cccc(-c2cccc(Cl)c2Cl)c1Cl
-7.32,C[C@H]1CC[C@]2(OC1)O[C@H]1C[C@@H]3[C@@H]4CC=C5C[C@@H](O)CC[C@]5(C)[C@@H]4CC[C@]3(C)[C@@H]1[C@@H]2C
-7.32,Clc1cc(Cl)c(-c2c(Cl)cccc2Cl)c(Cl)c1
-7.39,Clc1ccc(-c2cc(Cl)c(Cl)cc2Cl)cc1Cl
-7.39,Clc1cccc(Cl)c1-c1c(Cl)cccc1Cl
-7.42,c1ccc2c(c1)ccc1c3ccc4ccccc4c3[nH]c21
-7.42,Clc1ccc(Cl)c(-c2c(Cl)c(Cl)cc(Cl)c2Cl)c1
-7.43,Clc1ccccc1-c1c(Cl)cc(Cl)c(Cl)c1Cl
-7.66,Clc1ccc(-c2c(Cl)cc(Cl)c(Cl)c2Cl)cc1Cl
-7.68,Clc1ccc(Cl)c(-c2cc(Cl)c(Cl)c(Cl)c2Cl)c1
-7.8,Clc1ccc(-c2ccc(Cl)c(Cl)c2)c(Cl)c1
-7.82,Clc1ccc(-c2cc(Cl)c(Cl)c(Cl)c2Cl)cc1Cl
-7.92,Clc1c(Cl)c(Cl)c(-c2ccccc2)c(Cl)c1Cl
-7.92,Clc1cc(Cl)c(-c2c(Cl)cc(Cl)c(Cl)c2Cl)cc1Cl
-7.92,Cc1ccc2cc3c(ccc4ccccc43)c3c2c1CC3
-8.0,c1ccc2c3c(ccc2c1)-c1cccc2cccc-3c12
-8.01,Clc1ccc(-c2ccc(Cl)c(Cl)c2Cl)c(Cl)c1Cl
-8.19,c1ccc2c(c1)cc1ccc3cccc4ccc2c1c34
-8.23,c1ccc2c(c1)-c1cccc3c1c-2cc1ccccc13
-8.4,FC(F)(F)c1cccc(C(c2ccccc2)(c2ccccc2)n2cncn2)c1
-8.56,Clc1cc(Cl)c(-c2cc(Cl)c(Cl)cc2Cl)cc1Cl
-8.6,Clc1cccc(-c2c(Cl)c(Cl)cc(Cl)c2Cl)c1Cl
-8.71,Clc1cc(Cl)c(-c2c(Cl)cc(Cl)cc2Cl)c(Cl)c1
-8.8,c1cc2cccc3c4cccc5cccc(c(c1)c23)c54
-8.94,Clc1ccc(Cl)c(-c2c(Cl)c(Cl)c(Cl)c(Cl)c2Cl)c1
-9.15,Clc1cc(Cl)c(Cl)c(-c2c(Cl)c(Cl)cc(Cl)c2Cl)c1Cl
-9.16,Clc1cc(-c2cc(Cl)c(Cl)c(Cl)c2Cl)c(Cl)c(Cl)c1Cl
-11.62,Clc1c(Cl)c(Cl)c(-c2c(Cl)c(Cl)c(Cl)c(Cl)c2Cl)c(Cl)c1Cl
1.13,CNC(N)=O
1.07,O=C1CCCO1
1.07,O=C1CCCN1
1.06,C1COCCN1
1.05,O[C@H]1CCOC1
1.0,CN1CCCC1=O
0.96,OCc1cccnc1
0.96,NC(N)=O
0.96,C=CC(N)=O
0.94,CN(C)C(=O)N(C)C
0.84,CN(C)C
0.79,CN1CCC[C@@H]1c1cccnc1
0.74,OC[C@@H]1O[C@@H](O)[C@H](O)[C@H](O)[C@@H]1O
0.7,OC[C@@H](O)[C@H](O)CO
0.52,COC(C)=O
0.51,O=C(O)CC(O)(CC(=O)O)C(=O)O
0.43,CCOP(=O)(OCC)OCC
0.43,CC[C@@H](C)O
0.38,O=C(O)C(=O)O
0.38,Cc1cncc(C)c1
0.36,Cc1ccncc1C
0.32,NC(N)=S
0.3,C[C@H](O)C(F)(F)F
0.06,Cc1cnc2cncnc2n1
0.01,C=C(C)C(=O)O
0.0,CCCCO
-0.02,NC(=O)CCl
-0.04,CCOC(C)=O
-0.06,COC(C)C
-0.11,OC(CCl)CCl
-0.14,CCC(=O)OC
-0.17,Oc1ccc(O)cc1
-0.22,COP(=O)(OC)[C@@H](O)C(Cl)(Cl)Cl
-0.24,COC(C)(C)C
-0.35,NC(=O)OCc1ccccc1
-0.36,Nc1nccs1
-0.4,O=C1CNC(=O)N1
-0.4,O=C1NC(=O)C(=O)N1
-0.4,CC(C)(C)CO
-0.4,Nc1ccc(C(=O)O)cc1
-0.41,Nc1ccccc1
-0.41,CC(C)C(C)(C)O
-0.42,CCCCOCCO
-0.43,CCOC(C)OCC
-0.43,O=C(O)CCI
-0.46,CCCNCCC
-0.47,CC[C@@H](C)CO
-0.48,O=C(O)c1ccco1
-0.49,CCCC(C)(C)O
-0.52,CC(C)CCO
-0.55,CC(=O)OC(C)C
-0.55,CCOC(C)C
-0.6,CCS
-0.6,CCCCCO
-0.62,CC(C)[N+](=O)[O-]
-0.62,Cc1c(N)c(=O)n(-c2ccccc2)n1C
-0.62,Cc1ccccc1O
-0.71,S=C1NCCN1
-0.74,OCCc1ccccc1
-0.8,CCC[N+](=O)[O-]
-0.8,CC(C)C[C@H](C)O
-0.8,CCCCC(C)=O
-0.81,CCC(CC)C(=O)O
-0.82,O=C(O)CCCCC(=O)O
-0.83,O=C1CNC(=O)CN1
-0.85,CN(C)C(=O)OC1=CC(=O)CC(C)(C)C1
-0.85,Cc1ccccc1N
-0.85,CC[C@@](C)(O)C(C)C
-0.89,CC[C@H](C)C(C)(C)O
-0.89,CCCC[C@@H](C)O
-0.91,NC(=O)c1cnccn1
-0.93,O=C(O)[C@@H](CO)c1ccccc1
-0.94,C[C@H]1CCCCC1=O
-0.95,NC(=O)NCc1ccccc1
-0.95,CC(=O)N(C)c1ccccc1
-0.96,CCN(N=O)C(N)=O
-1.0,N#Cc1ccccc1
-1.01,O=[N+]([O-])c1cccc(O)c1
-1.04,CCC(C)(C)CO
-1.06,ClCCCl
-1.06,CC1=CC(=O)CC(C)(C)C1
-1.06,Oc1ccccc1Cl
-1.06,CCCCCC(=O)O
-1.1,CCCCCCN
-1.11,CCC[C@@H](C)CO
-1.12,ClCCOCCCl
-1.15,CC[C@H](O)C(C)(C)C
-1.16,O=C(O)c1cc(O)c(O)c(O)c1
-1.17,BrCBr
-1.2,Cc1cc(O)c2ccccc2n1
-1.21,Cc1ccc(N)cc1
-1.23,OC[C@H]1O[C@H](n2cnc3c(O)ncnc32)[C@@H](O)[C@H]1O
-1.24,COC(=O)c1cc(O)c(O)c(O)c1
-1.26,Cc1ncc([N+](=O)[O-])n1CCO
-1.26,Cc1cc(=O)[nH]c(=O)[nH]1
-1.28,Cc1cc(N)nc(C)n1
-1.28,CNc1ccccc1
-1.3,CCCC(=O)CCC
-1.3,Cl/C=C\Cl
-1.31,Cc1cccc(C)c1O
-1.32,Br/C=C\Br
-1.34,CCCOC(C)C
-1.35,CN/C(=N/C#N)NCCSCc1nc[nH]c1C
-1.36,C=CCCl
-1.36,Nc1ccc(S(N)(=O)=O)cc1
-1.39,O=C1OC(=O)c2ccccc21
-1.41,Cc1ccc(O)cc1C
-1.41,CC(C)Cl
-1.41,O=C(O)c1ccc(O)cc1
-1.42,CC1(C)[C@@H](C(=O)O)CC[C@]1(C)C(=O)O
-1.42,CN(C)[C@H]1C(O)=C(C(=O)NCN2CCCC2)C(=O)[C@@]2(O)C(O)=C3C(=O)c4c(O)cccc4[C@@](C)(O)[C@@H]3C[C@H]12
-1.42,CC(=O)CC(C)C
-1.45,O=C(O)C1CCCCC1
-1.46,CCNC(=S)NCC
-1.47,CCCCCOC(N)=O
-1.47,Nc1cccc(C(F)(F)F)c1
-1.47,CCCC[C@H](O)CC
-1.48,O=c1cc[nH]c(=O)[nH]1
-1.5,C=CCBr
-1.5,c1ccc2scnc2c1
-1.5,CCC[C@H]1CCCCN1
-1.52,Nc1ccccc1Cl
-1.52,Cc1c[nH]c(=O)[nH]c1=O
-1.54,ClC(Cl)Br
-1.56,NS(=O)(=O)c1ccccc1
-1.59,CC(C)Br
-1.6,NC(=O)N[C@@H]1NC(=O)NC1=O
-1.6,CCI
-1.6,CCCC[C@](C)(O)CC
-1.6,N[C@@H](Cc1ccc(O)c(O)c1)C(=O)O
-1.61,CC(=O)c1ccc(N)cc1
-1.63,CC(=O)CC(=O)C(C)(C)C
-1.64,C#CCCC
-1.66,COC(=O)NS(=O)(=O)c1ccc(N)cc1
-1.66,COC(=O)c1ccccc1C(=O)OC
-1.68,O=C(O)CNC(=O)c1ccccc1
-1.71,CCCC[C@H](CC)CN
-1.83,CCNC(=O)[C@H](C)OC(=O)Nc1ccccc1
-1.84,OC[C@H](O)[C@@H]1O[C@H]2O[C@@H](C(Cl)(Cl)Cl)O[C@H]2[C@@H]1O
-1.85,CCCCCCCN
-1.85,COC(=O)c1ccccc1
-1.85,CC1(C)C(=O)[C@]2(C)CC[C@@H]1C2
-1.85,ClCCCBr
-1.87,C=CC=C
-1.89,O=c1ccc2ccccc2o1
-1.89,O=C(O)c1ccccc1Cl
-1.91,CC(=O)Nc1ccccc1[N+](=O)[O-]
-1.92,ClCC(Cl)CCl
-1.92,Nc1cccc2ccccc12
-1.94,Cc1cc(C)c2ccccc2n1
-1.95,Nc1ncnc2c1ccn2[C@@H]1O[C@@H](CO)[C@@H](O)[C@H]1O
-1.96,Cc1nc2ccccc2[nH]1
-1.96,COc1ccccc1O
-1.96,ClC=C(Cl)Cl
-1.97,Fc1ccc(F)cc1
-1.99,C=C[C@](C)(O)CCC=C(C)C
-1.99,N=C(N)NS(=O)(=O)c1ccc(N)cc1
-1.99,CC1(C)[C@@H]2CC[C@@]1(C)C(=O)C2
-2.0,CCCCCC(=O)OC
-2.0,CC(C)CCl
-2.0,Fc1cccc(F)c1
-2.03,C=CC(=C)C
-2.05,COc1cc(C(=O)O)ccc1O
-2.06,CC(C)=CCC/C(C)=C/C=O
-2.06,C=CCC1(CC=C)C(=O)NC(=O)NC1=O
-2.07,Cc1cccc2sc3nncn3c12
-2.08,BrCCCBr
-2.08,CNC(=O)O/N=C1/[C@H]2C[C@H](C[C@@H]2C#N)[C@H]1Cl
-2.09,CCSCc1ccccc1OC(=O)NC
-2.1,COCCOc1c(OC)cc(Cc2cnc(N)nc2N)cc1OC
-2.1,C1=CCCC1
-2.11,O=C(N[C@H](CO)[C@H](O)c1ccc([N+](=O)[O-])cc1)C(Cl)Cl
-2.15,CCCc1cc(=O)[nH]c(=S)[nH]1
-2.15,C[C@@H](Br)CBr
-2.16,c1ccc2[nH]ncc2c1
-2.18,C=C(C)[C@H]1CC[C@@H](C)C(=O)C1
-2.18,CCCCS
-2.21,Oc1cc(Cl)c(Cl)cc1Cl
-1.99,O=C1NC(=O)C(O)(C2(O)C(=O)NC(=O)NC2=O)C(=O)N1
-2.23,COC(=O)[C@H]1[C@@H](OC(=O)c2ccccc2)C[C@H]2CC[C@@H]1N2C
-2.27,O=C(NC(=O)c1ccccc1)c1ccccc1
-2.27,Cc1cc(C)nc(NS(=O)(=O)c2ccc(N)cc2)n1
-2.28,CCCN(CCC)CCC
-2.28,O=C(O)c1ccccc1-c1ccccc1C(=O)O
-2.29,O=C(O)COc1ccc(Cl)cc1
-2.29,O=c1[nH]cnc2nc[nH]c12
-2.3,BrC1CCCCC1
-2.3,Nc1ccc(Cc2ccc(N)cc2)cc1
-2.31,CCCCCC(=O)OCC
-2.33,Cc1ccccc1[N+](=O)[O-]
-2.33,CCOc1ccccc1
-2.34,CNC(=O)Oc1cccc(/N=C\N(C)C)c1
-2.36,CNC(=O)Oc1ccc(N(C)C)c(C)c1
-2.36,CC(=O)Nc1nnc(S(N)(=O)=O)s1
-2.37,Nc1ccc([N+](=O)[O-])cc1
-2.38,Fc1cc(F)c(F)cc1F
-2.39,Cc1ccsc1
-2.39,CCCCCCCCO
-2.4,COc1c2occc2c(OC)c2c(=O)cc(C)oc12
-2.41,CC(C)(C)c1ccc(O)cc1
-2.42,Oc1cccc2cccnc12
-2.46,CCCCCCOC(C)=O
-2.49,CC(C)[C@@H]1CC[C@@H](C)CC1=O
-2.49,Cc1ccc([N+](=O)[O-])cc1
-2.51,CCC(C)(C)Cl
-2.52,O[C@H](Cc1ccccc1)c1ccccc1
-2.53,CC(C)[C@H]1CC[C@@H](C)C[C@@H]1O
-2.54,ClC(Cl)=C(Cl)Cl
-2.55,Brc1ccccc1
-2.55,OC(c1ccccc1)c1ccccc1
-2.57,CON(C)C(=O)Nc1ccc(Cl)cc1
-2.57,CC[C@H](N)Cc1c[nH]c2ccccc12
-2.57,N[C@@H](Cc1ccc(O)cc1)C(=O)O
-2.59,CCCCCCc1ccc(O)cc1O
-2.59,CCCCC(=O)CCCC
-2.6,CC1(C)C(=O)N(Cl)C(=O)N1Cl
-2.6,Cc1ccc(C(=O)O)cc1
-2.61,O=C1NC(=O)c2ccccc21
-2.63,CC[C@@H]1CN2CC[C@H]1C[C@@H]2[C@H](O)c1ccnc2ccccc12
-2.63,CCC(Cl)CC
-2.64,CCC1(C2=C[C@@H]3CC[C@H](C2)C3)C(=O)NC(=O)NC1=O
-2.64,CCC1(c2ccccc2)C(=O)NCNC1=O
-2.67,CCCOC(=O)c1ccccc1
-2.68,NS(=O)(=O)c1cc2c(cc1Cl)N[C@@H](C(Cl)Cl)NS2(=O)=O
-2.68,CCC(Br)(CC)C(=O)NC(N)=O
-2.7,O=C1C=C2C[C@@]3(O)COc4c(ccc(O)c4O)C3=C2C=C1O
-2.7,Nc1ccc(S(=O)(=O)Nc2ccccn2)cc1
-2.71,S=c1cnc2cncnc2[nH]1
-2.75,CCCCCCCCN
-2.77,CCc1ccccc1
-2.77,Cc1ccc(C)cc1
-2.78,O=C1c2ccccc2C(=O)c2c1ccc(O)c2O
-2.78,Ic1ccccc1
-2.8,O=C(O)c1ccc([N+](=O)[O-])cc1
-2.82,Cc1cnc(NS(=O)(=O)c2ccc(N)cc2)nc1
-2.82,CC(C)(c1ccc(O)cc1)c1ccc(O)cc1
-2.82,C=Cc1ccccc1
-2.85,O=C(c1ccccc1)[C@@H](O)c1ccccc1
-2.86,Cc1cc(Cl)ccc1/N=C\N(C)C
-2.88,CNc1ccccc1C(=O)O
-2.92,c1ccc(NNc2ccccc2)cc1
-2.96,O=C(O)COc1cc(Cl)c(Cl)cc1Cl
-2.97,C[C@@]12CCC(=O)C=C1CC[C@@H]1[C@@H]2[C@@H](O)C[C@]2(C)[C@@H]1CC[C@]2(O)C(=O)CO
-2.98,CCn1cc(C(=O)O)c(=O)c2cnc(N3CCNCC3)nc21
-2.99,C[C@H]1C[C@@H]2[C@H]([C@@H](O)C[C@]3(C)[C@@H]2CC[C@]3(O)C(=O)CO)[C@]2(C)C=CC(=O)C=C12
-3.03,CCCNC(=O)NS(=O)(=O)c1ccc(Cl)cc1
-3.03,CC1=CC(=O)c2ccccc2C1=O
-3.04,FC(F)(Cl)C(F)(Cl)Cl
-3.04,Clc1cccc(Cl)c1
-3.04,c1ccc2c(c1)CCC2
-3.08,CC(=O)Nc1ccc(Br)cc1
-3.08,Cc1ccc(Cl)cc1
-3.08,O=C(O)Cc1c(Cl)ccc(Cl)c1Cl
-3.1,C1CCCCC1
-3.12,O=C(c1ccccc1)c1ccccc1
-3.12,Nc1cnn(-c2ccccc2)c(=O)c1Br
-3.16,CC(C)CCOC(=O)c1ccccc1O
-3.17,CCCCCCCCC=O
-3.19,Cc1ccc(Br)cc1
-3.19,Clc1ccccc1Br
-3.21,C[C@@H]1O[C@@H](O[C@@H]2/C=C\C=C/C=C\C=C/C[C@@H](C)OC(=O)/C=C\[C@H]3O[C@@H]3C[C@H](O)C[C@]3(O)C[C@H](O)[C@H](C(=O)O)[C@H](C2)O3)[C@H](O)[C@H](N)[C@@H]1O
-3.21,C[C@@]12C=CC(=O)C=C1CC[C@@H]1[C@@H]2[C@@H](O)C[C@]2(C)[C@@H]1CC[C@]2(O)C(=O)CO
-3.22,O=C1NCCN1c1ncc([N+](=O)[O-])s1
-3.24,C=CCC(C)C
-3.27,Clc1ccc(Cl)cc1
-3.27,CC(=O)CCC1C(=O)N(c2ccccc2)N(c2ccccc2)C1=O
-3.28,CN1CC[C@]23c4c5ccc(O)c4O[C@H]2[C@@H](O)C=C[C@@H]3[C@H]1C5
-3.29,CC[C@@H]1NC(=O)c2cc(S(N)(=O)=O)c(Cl)cc2N1
-3.3,CCCCCCCCOC(N)=O
-3.35,CCCCN(CC)C(=O)SCCC
-3.38,CC[C@@H](C)c1cc([N+](=O)[O-])cc([N+](=O)[O-])c1O
-3.38,CC(C)OC(=O)Nc1cccc(Cl)c1
-3.39,CCCCCCCC(=O)OCC
-3.4,CCSC(=O)N(CC)C1CCCCC1
-3.46,O=C(/C=C\C=C/c1ccc2c(c1)OCO2)N1CCCCC1
-3.46,Ic1[nH]c(I)c(I)c1I
-3.54,Brc1cccc(Br)c1
-3.54,CC(C)c1ccc(NC(=O)N(C)C)cc1
-3.55,CCCCCCCCCCC(=O)O
-3.59,C[C@]12C[C@H](O)[C@H]3[C@@H](CC[C@@H]4C[C@H](O)CC[C@]34C)[C@H]1CCC2=O
-3.62,O=C1C[C@@H](c2ccc(O)c(O)c2)Oc2cc(O)cc(O)c21
-3.66,COc1c2occc2cc2ccc(=O)oc12
-3.66,CCOC(=O)C(c1c(O)c2ccccc2oc1=O)c1c(O)c2ccccc2oc1=O
-3.66,NS(=O)(=O)c1cc(C(=O)O)c(NCc2ccco2)cc1Cl
-3.66,CC(C)(C)c1ccccc1
-3.67,c1ccc2nc3ccccc3cc2c1
-3.68,CCC(C)CC
-3.68,CCSC(=O)N(CC(C)C)CC(C)C
-3.68,COP(=S)(OC)Oc1ccc([N+](=O)[O-])cc1
-3.68,Cc1ccc2nc(-c3ccc(N)cc3)sc2c1
-3.7,CCCCOc1cc(C(=O)NCCN(CC)CC)c2ccccc2n1
-3.7,Cc1cccc2ccccc12
-3.74,CC(C)(C)c1nnc(NS(=O)(=O)c2ccc(N)cc2)s1
-3.75,C[C@@]12CCC(=O)C=C1CC[C@@H]1[C@@H]2CC[C@@]2(C)[C@H](C(=O)CO)CC[C@H]12
-3.76,Clc1cccc(C(Cl)(Cl)Cl)n1
-3.77,Cc1ccc(C(C)C)cc1
-3.77,C[C@@H]1C[C@@H]2[C@@H]3CCC4=CC(=O)C=C[C@@]4(C)[C@@]3(F)[C@@H](O)C[C@@]2(C)[C@@]1(O)C(=O)CO
-3.78,Cc1cccc(Nc2ccccc2C(=O)O)c1C
-3.8,O=C1CN=C(c2ccccc2)c2cc([N+](=O)[O-])ccc2N1
-3.8,CCCCCCCCC(=O)OCC
-3.8,CC(C)C1=CC2=CC[C@@H]3[C@@](C)(C(=O)O)CCC[C@@]3(C)[C@H]2CC1
-3.8,Cc1cc(S(=O)(=O)c2ccccc2)ccc1NS(=O)(=O)C(F)(F)F
-3.82,C/C=C\CCCC
-3.84,CCCCCC
-3.85,C[C@@]12CCC(=O)C=C1CC[C@@H]1[C@@H]2[C@H]2C[C@@]3([C@H](O)O2)[C@H](C(=O)CO)CC[C@H]13
-3.85,CC1CCCCC1
-3.88,COC(=O)Nc1nc2ccc(C(=O)c3ccccc3)cc2[nH]1
-3.89,CC(=O)C[C@@H](c1ccccc1)c1c(O)c2ccccc2oc1=O
-3.9,CN(C)C(=S)SSC(=S)N(C)C
-3.9,C#C[C@@H](C)N(C)C(=O)Nc1ccc(Cl)cc1
-3.94,CN1c2ccccc2Sc2ccc(CC(=O)O)cc21
-3.95,C[C@@H](CCC(=O)O)[C@@H]1CC[C@@H]2[C@@H]3CC[C@@H]4C[C@H](O)CC[C@@]4(C)[C@H]3C[C@@H](O)[C@@]12C
-3.96,c1ccc(Oc2ccccc2)cc1
-3.99,CCCCCCCCl
-3.99,C[C@@]12CCC(=O)C=C1CC[C@@H]1[C@@H]2CC[C@]2(C)[C@@H]1CC[C@]2(C)O
-4.0,Cc1cc(C)c(C)c(C)c1C
-4.0,CC(=O)OCC(=O)[C@]1(O)CC[C@@H]2[C@@H]3CCC4=CC(=O)CC[C@@]4(C)[C@H]3C(=O)C[C@]21C
-4.0,Clc1cccc(Cl)c1Cl
-4.04,COP(=S)(OC)Oc1ccc([N+](=O)[O-])c(C)c1
-4.06,CCCCc1ccccc1
-4.07,Brc1ccc(Br)cc1
-4.1,CSc1nc(NC(C)C)nc(NC(C)C)n1
-4.11,CCOP(=S)(OCC)SCSCC
-4.11,COc1ccc2c(c1OC)C(=O)O[C@@H]2[C@H]1c2cc3c(cc2CCN1C)OCO3
-4.13,CC(=O)OCC(=O)[C@@]1(O)[C@H](OC(C)=O)C[C@@H]2[C@@H]3CCC4=CC(=O)C=C[C@@]4(C)[C@@]3(F)[C@@H](O)C[C@]21C
-4.15,C1CCCCCCC1
-4.16,CN1C(C(=O)Nc2ccccn2)=C(O)c2ccccc2S1(=O)=O
-4.17,O=C(O)c1cccnc1Nc1cccc(C(F)(F)F)c1
-4.23,ClC(Cl)=CC(Cl)=C(Cl)Cl
-4.26,C[C@H](CN1c2ccccc2Sc2ccccc21)N(C)C
-4.28,CC(=O)S[C@@H]1CC2=CC(=O)CC[C@@]2(C)[C@H]2CC[C@]3(C)[C@H](CC[C@@]34CCC(=O)O4)[C@@H]21
-4.28,Oc1c(Cl)c(Cl)c(Cl)c(Cl)c1Cl
-4.29,C[C@@H](CCC(=O)O)[C@@H]1CC[C@H]2[C@H]3[C@@H](O)C[C@H]4C[C@@H](O)CC[C@]4(C)[C@@H]3CC[C@]12C
-4.29,CCc1ccc2ccccc2c1
-4.3,C#C[C@]1(O)CC[C@@H]2[C@@H]3CCc4cc(O)ccc4[C@H]3CC[C@]21C
-4.3,CN(C)CCCN1c2ccccc2Sc2ccccc21
-4.31,COP(=S)(OC)Oc1ccc([N+](=O)[O-])cc1Cl
-4.32,CC1(C)O[C@@H]2C[C@@H]3[C@@H]4CCC5=CC(=O)C=C[C@@]5(C)[C@@]4(F)[C@@H](O)C[C@@]3(C)[C@@]2(C(=O)CO)O1
-4.38,c1ccc2c(c1)sc1ccccc12
-4.38,O[C@](c1ccc(Cl)cc1)(c1cncnc1)c1ccccc1Cl
-4.42,C=C(C)[C@@H]1Cc2c(ccc3c2O[C@H]2COc4cc(OC)c(OC)cc4[C@H]2C3=O)O1
-4.43,CC[C@H](c1ccc(O)cc1)[C@@H](CC)c1ccc(O)cc1
-4.43,O=C(CCCN1CCC(O)(c2ccc(Cl)cc2)CC1)c1ccc(F)cc1
-4.43,CCCCCCCBr
-4.46,CN(C)CCC=C1c2ccccc2CCc2ccccc21
-4.47,CC(=O)Oc1c(C(C)(C)C)cc([N+](=O)[O-])c(C)c1[N+](=O)[O-]
-4.48,Clc1cc(Cl)cc(Cl)c1
-4.48,C[C@H]1CCC(C)(C)C1
-4.52,CN1CCN(CCCN2c3ccccc3Sc3ccc(C(F)(F)F)cc32)CC1
-4.53,CC(C)OC(=O)C(O)(c1ccc(Cl)cc1)c1ccc(Cl)cc1
-4.57,COP(=S)(OC)Oc1ccc(SC)c(C)c1
-4.58,CC(C)(C)C(=O)OCC(=O)[C@]1(O)CC[C@@H]2[C@H]3CCC4=CC(=O)C=C[C@]4(C)[C@H]3[C@@H](O)C[C@@]21C
-4.61,O=c1oc(-c2ccccc2)nc2ccccc12
-4.62,c1ccc(CCc2ccccc2)cc1
-4.63,CC(=O)OCC(=O)[C@@H]1CC[C@@H]2[C@H]3CCC4=CC(=O)CC[C@]4(C)[C@@H]3CC[C@@]12C
-4.65,CC(=O)[C@@H]1CC[C@@H]2[C@@H]3CC=C4C[C@H](O)CC[C@@]4(C)[C@H]3CC[C@@]12C
-4.72,Cc1cc2ccccc2cc1C
-4.73,Oc1c2ccccc2cc2ccccc12
-4.79,C#C[C@@]1(OC(C)=O)CC[C@H]2[C@@H]3CCC4=CC(=O)CC[C@@H]4[C@@H]3CC[C@]21C
-4.82,COP(=S)(OC)Oc1nc(Cl)c(Cl)cc1Cl
-4.84,C[C@@]12CC[C@H]3c4ccc(O)cc4CC[C@@H]3[C@H]1CC[C@@H]2O
-4.88,CC(C)N(C(=O)SCC(Cl)=C(Cl)Cl)C(C)C
-4.89,CN(C)C(=O)Nc1ccc(Oc2ccc(Cl)cc2)cc1
-4.89,Cc1ccc2cc(C)ccc2c1
-4.91,ClC(Cl)=C(Cl)C(Cl)=C(Cl)Cl
-5.16,CCCN(CCC)c1c([N+](=O)[O-])cc(S(N)(=O)=O)cc1[N+](=O)[O-]
-5.2,Clc1ccc(-c2ccccc2)cc1
-5.21,CCCCCCc1ccccc1
-5.24,C[C@@]12CCc3c(ccc4cc(O)ccc34)[C@H]1CCC2=O
-5.24,CC(C)=C[C@@H]1[C@@H](C(=O)OCc2cccc(Oc3ccccc3)c2)C1(C)C
-5.26,c1ccc2c(c1)ccc1ccccc12
-5.38,CCOP(=S)(OCC)Oc1ccc2c(C)c(Cl)c(=O)oc2c1
-5.46,O[C@@H]1C=C[C@@H]2[C@@H]1[C@]1(Cl)C(Cl)=C(Cl)[C@@]2(Cl)C1(Cl)Cl
-5.64,N#Cc1c(Cl)c(Cl)c(Cl)c(C#N)c1Cl
-5.68,CCCN(CCC)c1c([N+](=O)[O-])cc(C(F)(F)F)cc1[N+](=O)[O-]
-5.74,CCOP(=S)(OCC)SCSc1ccc(Cl)cc1
-5.8,Clc1cccc(-c2cccc(Cl)c2)c1
-5.89,Cc1c2ccccc2cc2ccccc12
-5.96,c1cc2c3c(ccc4c3c1CCC4)CCC2
-6.02,Clc1ccc(Cl)c(-c2ccccc2Cl)c1
-6.09,COP(=S)(OC)Oc1cc(Cl)c(Br)cc1Cl
-6.18,ClC1=C(Cl)[C@@]2(Cl)[C@@H]3[C@H]([C@@H]4C[C@H]3[C@H]3O[C@H]43)[C@@]1(Cl)C2(Cl)Cl
-6.21,Clc1ccc(-c2ccc(Cl)cc2Cl)cc1
-6.29,ClC1=C(Cl)[C@]2(Cl)[C@H]3[C@H]4O[C@H]4[C@@H](Cl)[C@@H]3[C@]1(Cl)C2(Cl)Cl
-6.29,CC1(C)[C@@H](C=C(Cl)Cl)[C@H]1C(=O)OCc1cccc(Oc2ccccc2)c1
-6.29,Clc1ccc(Cl)c(-c2ccccc2)c1Cl
-6.32,ClC1=C(Cl)[C@]2(Cl)[C@H]3[C@H](Cl)C=C[C@H]3[C@]1(Cl)C2(Cl)Cl
-6.51,Clc1ccc(-c2ccc(Cl)cc2Cl)c(Cl)c1
-6.62,Clc1ccc([C@@H](c2ccccc2Cl)C(Cl)(Cl)Cl)cc1
-6.7,Cc1cc(O)ccc1O[P@](=O)(Oc1cc(O)ccc1C)Oc1c(C)cccc1O
-6.81,CCCCCCCCCCCCCCCC(=O)O
-6.89,COc1ccc(C(c2ccc(OC)cc2)C(Cl)(Cl)Cl)cc1
-6.96,CCCC[C@H](CC)COC(=O)c1ccccc1C(=O)OC[C@@H](CC)CCCC
-7.0,Clc1ccc(Cl)c(-c2cc(Cl)ccc2Cl)c1
-7.05,Clc1cccc(-c2ccc(Cl)c(Cl)c2Cl)c1Cl
-7.16,Clc1cc(-c2ccccc2)c(Cl)c(Cl)c1Cl
-7.26,CCCCCCCCCCCCCCCCO
-7.33,ClC1=C(Cl)[C@@]2(Cl)[C@@H]3[C@@H]4C=C[C@@H](C4)[C@@H]3[C@@]1(Cl)C2(Cl)Cl
-7.8,c1ccc2c(c1)c1cccc3ccc4cccc2c4c31
-7.91,Clc1ccc(Cl)c(-c2ccc(Cl)c(Cl)c2Cl)c1
-8.04,c1ccc2c(c1)Cc1cc3ccccc3cc1-2
-8.06,c1ccc2c(c1)ccc1c3ccccc3ccc21
-8.3,Clc1ccc(-c2c(Cl)cc(Cl)c(Cl)c2Cl)c(Cl)c1Cl
-8.32,Clc1cc(Cl)c(-c2ccc(Cl)c(Cl)c2Cl)cc1Cl
-8.42,Clc1cccc(-c2cc(Cl)c(Cl)c(Cl)c2Cl)c1Cl
-8.49,c1ccc2cc3c(cc2c1)-c1cccc2cccc-3c12
-8.6,c1ccc2cc3cc4ccccc4cc3cc2c1
-8.65,Clc1ccc(Cl)c(-c2c(Cl)ccc(Cl)c2Cl)c1Cl
-8.66,c1ccc2c(c1)ccc1cc3c(ccc4ccccc43)cc12
-9.03,c1cc2ccc3ccc4ccc5cccc6c(c1)c2c3c4c56
-10.26,Clc1cc(-c2c(Cl)c(Cl)c(Cl)c(Cl)c2Cl)c(Cl)c(Cl)c1Cl
-10.41,Clc1cc(Cl)c(Cl)c(-c2c(Cl)c(Cl)c(Cl)c(Cl)c2Cl)c1Cl
